"model","fitted","residual","leverage","standardized_residual","cooks_distance"
"Mazda RX4",23.6910397685461,-2.69103976854611,0.0455167805984441,-1.07542918195056,0.0137881780165311
"Mazda RX4 Wag",22.8679114846155,-1.86791148461551,0.0476044720712052,-0.747297395141329,0.00697842397163943
"Datsun 710",25.126590413374,-2.32659041337397,0.0621602674614287,-0.937997044673114,0.0145789818448784
"Hornet 4 Drive",20.4460673063911,0.953932693608847,0.106483513451209,0.394014584983702,0.00462534793066277
"Hornet Sportabout",17.7378548303922,0.962145169607754,0.0674286298122106,0.388996249793301,0.00273522522915229
"Valiant",19.2995550476851,-1.19955504768515,0.188469494966511,-0.519892566333242,0.0156929084645078
"Duster 360",15.1589954879725,-0.858995487972464,0.13405249916164,-0.360405119052475,0.00502695806466888
"Merc 240D",23.0590051208052,1.34099487919479,0.11825714908066,0.55757333439131,0.0104238813140046
"Merc 230",22.4959811390628,0.304018860937159,0.0822155111248894,0.123901344923305,0.000343799386487394
"Merc 280",20.6574231722253,-1.45742317222526,0.0873506947298952,-0.595634104466157,0.008489098197311
"Merc 280C",20.6574231722253,-2.85742317222526,0.0873506947298952,-1.1677999394442,0.03263167307924
"Merc 450SE",15.4138878768338,0.986112123166246,0.0647316925163485,0.398110872857043,0.00274238756333401
"Merc 450SL",16.5113922554078,0.788607744592167,0.0661784149239476,0.318621394072765,0.00179863205134951
"Merc 450SLC",16.3499945526764,-1.14999455267635,0.0645637508875752,-0.464231424785495,0.00371863572621968
"Cadillac Fleetwood",10.573035216063,-0.173035216063008,0.189945913388352,-0.0750625546210752,0.000330295477477097
"Lincoln Continental",9.80212057559036,0.59787942440964,0.225964486604026,0.26532551393559,0.00513780171318284
"Chrysler Imperial",9.94513406047533,4.75486593952467,0.23632745050132,2.12437184352616,0.349146804639623
"Fiat 128",26.7556269509912,5.64437304900877,0.0820675303473234,2.30015018318144,0.118253234168071
"Honda Civic",30.4679969741821,-0.0679969741821079,0.240454667367905,-0.0304620121848025,7.34406810664538e-05
"Toyota Corolla",28.1921673792431,5.70783262075688,0.10137771254903,2.35086930877214,0.155869909443778
"Toyota Corona",24.2873581820296,-2.78735818202956,0.0609013898213671,-1.12300846811983,0.0204466459442177
"Dodge Challenger",17.6555096581654,-2.15550965816543,0.153261365920801,-0.91457881037648,0.0378499748253464
"AMC Javelin",18.5597546819109,-3.35975468191091,0.0631206551567361,-1.35522556477444,0.0309350636135475
"Camaro Z28",15.1272731320251,-1.82727313202507,0.132099473044657,-0.765798201901211,0.0223151508173663
"Pontiac Firebird",16.3174800407361,2.88251995926388,0.0615098125170904,1.1617249185695,0.022113693486726
"Fiat X1-9",27.6110347754681,-0.311034775468087,0.0922733434229272,-0.12746098008499,0.0004128722401324
"Porsche 914-2",26.7088111006791,-0.708811100679093,0.110446849866808,-0.29342047058914,0.0026724048966019
"Lotus Europa",26.957737387571,3.44226261242903,0.21165677196056,1.51367339990099,0.153787555490393
"Ford Pantera L",17.4689984695982,-1.66899846959819,0.279299293747272,-0.76758117393451,0.0570825712611177
"Ferrari Dino",20.6596568589888,-0.959656858988779,0.0732604167472848,-0.389209081289595,0.00299376433500264
"Maserati Bora",12.791225212421,2.20877478757898,0.394443763438912,1.10820484762818,0.199991119911469
"Volvo 142E",23.5459577156485,-2.14595771564851,0.0692255380817669,-0.868449922459152,0.0140233396018662
